"","TestId","AddId","concentration","reliability","used.model","log.x","log.y","nboot.gc","mu.model","lambda.model","A.model","integral.model","stdmu.model","stdlambda.model","stdA.model","ci90.mu.model.lo","ci90.mu.model.up","ci90.lambda.model.lo","ci90.lambda.model.up","ci90.A.model.lo","ci90.A.model.up","ci95.mu.model.lo","ci95.mu.model.up","ci95.lambda.model.lo","ci95.lambda.model.up","ci95.A.model.lo","ci95.A.model.up","mu.spline","lambda.spline","A.spline","integral.spline","mu.bt","lambda.bt","A.bt","integral.bt","stdmu.bt","stdlambda.bt","stdA.bt","stdintegral.bt","ci90.mu.bt.lo","ci90.mu.bt.up","ci90.lambda.bt.lo","ci90.lambda.bt.up","ci90.A.bt.lo","ci90.A.bt.up","ci90.integral.bt.lo","ci90.integral.bt.up","ci95.mu.bt.lo","ci95.mu.bt.up","ci95.lambda.bt.lo","ci95.lambda.bt.up","ci95.A.bt.lo","ci95.A.bt.up","ci95.integral.bt.lo","ci95.integral.bt.up"
"1","I2742","III",0,TRUE,"gompertz.exp",FALSE,FALSE,100,NA,NA,NA,NA,NA,NA,NA,NA,NA,NA,NA,NA,NA,NA,NA,NA,NA,NA,NA,2.05433409371e-05,74392.5349823867,0.281086266022465,15782.5900009177,2.04170188102322e-05,81158.5919554669,0.279481029193994,15692.4277263181,2.09317069403675e-06,3559.36294527096,0.00394146382498595,175.057967806322,1.69737530185418e-05,2.38602846019226e-05,75303.4399104962,87013.7440004377,0.272997321201892,0.285964737186096,15404.4573692767,15980.3980833595,1.63144042499202e-05,2.45196333705442e-05,74182.2405827358,88134.943328198,0.271755760097021,0.287206298290966,15349.3141094177,16035.5413432185
"2","I2742","III",0,TRUE,"logistic",FALSE,FALSE,100,2.51914803198832e-06,34327.2329277258,0.0605362479680269,12946.7476794635,1.78781548341283e-06,9765.6239148744,0.00349938196537149,-4.21808438225778e-07,5.46010450220242e-06,18262.7815877574,50391.6842676942,0.0547797646349908,0.066292731301063,-9.84970315500819e-07,6.02326637947746e-06,15186.610054572,53467.8558008796,0.0536774593158988,0.067395036620155,2.00103218717484e-05,75032.1826447171,0.287967875767751,13305.1684125406,1.9613422795057e-05,83807.0696018597,0.286751267784715,13277.3358764813,2.11734256114851e-06,2408.43631594503,0.0054382180604292,83.7484664728367,1.61303942819677e-05,2.30964513081463e-05,79845.1918621302,87768.9473415893,0.277805399075309,0.295697136494121,13139.5696491335,13415.1021038291,1.54634313752059e-05,2.37634142149081e-05,79086.5344226075,88527.604781112,0.276092360386274,0.297410175183157,13113.1888821946,13441.4828707681
"3","I2742","III",0,TRUE,"logistic",FALSE,FALSE,100,4.00771004281583e-06,46189.2517964695,0.0801823294295399,16358.8200528142,1.95107736392115e-06,5580.46622602229,0.0029513054728297,7.98187779165534e-07,7.21723230646612e-06,37009.3848546629,55369.1187382762,0.075327431926735,0.0850372269323447,1.83598409530371e-07,7.83182167610129e-06,35251.5379934658,57126.9655994732,0.0743977707027937,0.0859668881562861,2.13057030670937e-05,77202.9207936707,0.277891685175146,16713.4905848008,2.10784335997719e-05,83711.4113455739,0.276559510449039,16642.6956475792,3.18159939583179e-06,2980.46697463039,0.00689715143589997,89.0823717903922,1.58447025936286e-05,2.63121646059152e-05,78808.5431723069,88614.2795188409,0.265213696336984,0.287905324561095,16496.155145984,16789.2361491744,1.48424987839415e-05,2.73143684156022e-05,77869.6960752984,89553.1266158495,0.263041093634675,0.290077927263403,16468.0941988701,16817.2970962884
"4","I2742b","III",0,TRUE,"logistic",FALSE,FALSE,100,3.35491025341554e-06,47703.471118616,0.0600675462693754,12227.2054771521,2.80728544275851e-06,8587.11745450542,0.00358293456436163,-1.2630742999222e-06,7.97289480675328e-06,33577.6629059546,61829.2793312774,0.0541736189110005,0.0659614736277503,-2.14736921439113e-06,8.85718972122221e-06,30872.7209077854,64534.2213294466,0.0530449945232266,0.0670900980155242,2.24414640261842e-05,81202.3804207286,0.27317534194096,12419.5269139669,2.26294797668246e-05,88720.8869545817,0.273009210593625,12364.1164425057,4.03794604397008e-06,2975.49006487637,0.00511211169469768,94.0592305985437,1.59870585244938e-05,2.92719010091554e-05,83826.2057978601,93615.5681113033,0.264599786855848,0.281418634331403,12209.389008171,12518.8438768403,1.47151055206432e-05,3.0543854013006e-05,82888.926427424,94552.8474817394,0.262989471672018,0.283028949515233,12179.7603505325,12548.4725344788
"5","NEG","III",0,TRUE,"gompertz.exp",FALSE,FALSE,100,NA,NA,NA,NA,NA,NA,NA,NA,NA,NA,NA,NA,NA,NA,NA,NA,NA,NA,NA,0,NA,0,0,NA,NA,NA,NA,NA,NA,NA,NA,NA,NA,NA,NA,NA,NA,NA,NA,NA,NA,NA,NA,NA,NA,NA,NA
"6","I2742","V",0,TRUE,"logistic",FALSE,FALSE,100,3.91627575045535e-06,50345.6916895028,0.0516063372905335,10489.8126390752,4.38966303656891e-06,8472.97603770445,0.00350257072708931,-3.30471994470051e-06,1.11372714456112e-05,36407.646107479,64283.7372715266,0.0458446084444716,0.0573680661365954,-4.68746380121972e-06,1.25200153021304e-05,33738.6586556021,66952.7247234035,0.0447412986654385,0.0584713759156285,2.13519843546228e-05,77578.849950782,0.267550268473305,10536.6564848525,1.98144067599185e-05,83569.4446934489,0.26557925131408,10508.3576055906,2.75291315159687e-06,3008.26485727338,0.00772083735581819,76.5816388637823,1.52858646255416e-05,2.43429488942953e-05,78620.8490032341,88518.0403836636,0.252878473863759,0.278280028764401,10382.3808096596,10634.3344015215,1.44186969827886e-05,2.52101165370483e-05,77673.245573193,89465.6438137047,0.250446410096677,0.280712092531484,10358.2575934175,10658.4576177636
"7","I2742","V",0,TRUE,"logistic",FALSE,FALSE,100,3.96005566311654e-06,49935.1475157939,0.0494892981741146,10096.709496321,4.64764228233524e-06,8414.86573950114,0.0034136061720758,-3.68531589132493e-06,1.1605427217558e-05,36092.6933743145,63777.6016572733,0.0438739160210499,0.0551046803271792,-5.14932321026052e-06,1.30694345364936e-05,33442.0106663717,66428.2843652162,0.042798630076846,0.0561799662713831,3.11220779166916e-05,80030.4639101851,0.253811825926606,10134.1848116689,2.18909840554524e-05,84487.0016707347,0.251055147585645,10122.9717761458,5.82562049220772e-06,2645.05876567656,0.00663523607907773,76.9771953543273,1.23078383457707e-05,3.14741297651341e-05,80135.8800011968,88838.1233402727,0.240140184235562,0.261970110935728,9996.34428978795,10249.5992625037,1.04727678907253e-05,3.33092002201795e-05,79302.6864900087,89671.3168514608,0.238050084870653,0.264060210300638,9972.09647325134,10273.8470790403
"8","I2742","V",0,TRUE,"logistic",FALSE,FALSE,100,3.83708662192413e-06,48490.2532579873,0.0590573967471547,12049.1414341015,3.28544123646953e-06,7557.07965529315,0.00331984617779853,-1.56746421206824e-06,9.2416374559165e-06,36058.8572250301,60921.6492909446,0.0535962497846761,0.0645185437096332,-2.60237820155614e-06,1.02765514454044e-05,33678.3771336127,63302.1293823619,0.0525504982386695,0.0655642952556398,1.88964168738494e-05,77300.4656322472,0.267779043609311,12122.5552584627,1.93066620886976e-05,84661.6641252553,0.265638204719773,12088.791588129,2.93431405429739e-06,2413.62185912438,0.00499285191670823,73.5270898617468,1.44797154693784e-05,2.41336087080168e-05,80691.2561669957,88632.0720835149,0.257424963316788,0.273851446122758,11967.8395253064,12209.7436509516,1.35554065422747e-05,2.50579176351205e-05,79930.9652813715,89392.3629691391,0.255852214963025,0.275424194476522,11944.678492,12232.904684258
"9","I2742b","V",0,TRUE,"logistic",FALSE,FALSE,100,5.72413809291821e-06,57216.2904057644,0.102050693642357,19805.7906204976,2.17648513563313e-06,3884.80338850382,0.00283089900115421,2.14382004480171e-06,9.30445614103471e-06,50825.7888316756,63606.7919798532,0.0973938647854583,0.106707522499256,1.45822722707727e-06,9.99004895875915e-06,49602.0757642969,64830.5050472319,0.0965021316000947,0.107599255684619,2.03527193672385e-05,80212.2382325003,0.271706841956982,19926.6313450559,1.89872446561905e-05,87014.001860784,0.271882670957275,19874.1237249916,1.69216426289919e-06,8427.96108408682,0.00269973568763307,102.891114538575,1.62036344437213e-05,2.17708548686596e-05,73150.0058774611,100877.997844107,0.267441605751119,0.276323736163432,19704.8678415757,20043.3796084076,1.56706027009081e-05,2.23038866114729e-05,70495.1981359738,103532.805585594,0.266591189009515,0.277174152905036,19672.457140496,20075.7903094872
"10","NEG","V",0,TRUE,"gompertz.exp",FALSE,FALSE,100,NA,NA,NA,NA,NA,NA,NA,NA,NA,NA,NA,NA,NA,NA,NA,NA,NA,NA,NA,0,NA,0,0,NA,NA,NA,NA,NA,NA,NA,NA,NA,NA,NA,NA,NA,NA,NA,NA,NA,NA,NA,NA,NA,NA,NA,NA
"11","x","V",0,TRUE,"gompertz.exp",FALSE,FALSE,100,NA,NA,NA,NA,NA,NA,NA,NA,NA,NA,NA,NA,NA,NA,NA,NA,NA,NA,NA,0,NA,0,0,NA,NA,NA,NA,NA,NA,NA,NA,NA,NA,NA,NA,NA,NA,NA,NA,NA,NA,NA,NA,NA,NA,NA,NA
"12","x","V",0,TRUE,"gompertz.exp",FALSE,FALSE,100,NA,NA,NA,NA,NA,NA,NA,NA,NA,NA,NA,NA,NA,NA,NA,NA,NA,NA,NA,0,NA,0,0,NA,NA,NA,NA,NA,NA,NA,NA,NA,NA,NA,NA,NA,NA,NA,NA,NA,NA,NA,NA,NA,NA,NA,NA
"13","I2742","III",1,TRUE,"logistic",FALSE,FALSE,100,7.14993681147544e-06,49951.0494585654,0.137510712063266,27590.965653451,3.56464532013343e-06,5494.16481943638,0.00511941611426731,1.28609525985595e-06,1.30137783630949e-05,40913.1483305925,58988.9505865382,0.129089272555296,0.145932151571235,1.63231984013917e-07,1.4136641638937e-05,39182.4864124701,60719.6125046607,0.127476656479302,0.147544767647229,2.33367104520806e-05,70823.5306508876,0.334758615432081,28119.8077976199,2.66247067770088e-05,85759.4050908429,0.340023548558608,28072.8224403301,6.17109324574242e-06,15699.551331972,0.0110490402478183,197.057653820874,1.64732583877625e-05,3.6776155166255e-05,59933.643149749,111585.167031937,0.321847877350947,0.358199219766269,27748.6625997947,28396.9822808654,1.45293640153536e-05,3.87200495386639e-05,54988.2844801778,116530.525701508,0.318367429672884,0.361679667444332,27686.5894388412,28459.055441819
"14","I2742","III",1,TRUE,"logistic",FALSE,FALSE,100,3.21642229278224e-06,39977.862130033,0.0509722721647873,10821.9678337374,4.04445244066893e-06,11427.7853369285,0.00418453041905471,-3.43670197211815e-06,9.86954655768264e-06,21179.1552507855,58776.5690092804,0.0440887196254424,0.0578558247041323,-4.71070449092887e-06,1.11435490764934e-05,17579.402869653,62376.3213904129,0.0427705925434401,0.0591739517861346,2.92708659257662e-05,73740.5150287679,0.290869784363126,11049.4780805059,2.83522133731346e-05,79605.7294788132,0.290232002280749,11031.5796719011,4.75272585505084e-06,2442.3454462574,0.00681427750157608,54.621680114643,2.05339793415759e-05,3.61704474046932e-05,75588.0712197198,83623.3877379067,0.279022515790656,0.301441488770841,10941.7270081125,11121.4323356897,1.90368706972349e-05,3.76675560490342e-05,74818.7324041487,84392.7265534777,0.27687601837766,0.303587986183838,10924.5211788764,11138.6381649258
"15","I2742","III",1,TRUE,"logistic",FALSE,FALSE,100,3.21327979766395e-06,42112.9676779935,0.0482664094225875,10164.4055626213,4.17597138238047e-06,11196.0975388158,0.0039974373832881,-3.65619312635192e-06,1.00827527216798e-05,23695.3872266416,60530.5481293455,0.0416906249270786,0.0548421939180965,-4.97162411180177e-06,1.13981837071297e-05,20168.6165019146,64057.3188540724,0.0404314321513429,0.0561013866938322,2.67845215222069e-05,75882.3307877524,0.27546403231565,10326.6203475703,2.44869568581289e-05,82069.3848310813,0.276809687535229,10322.8862652241,6.14513586268273e-06,2467.3752600227,0.00739021779082319,57.2184446927509,1.43782083640158e-05,3.4595705352242e-05,78010.5525283439,86128.2171338186,0.264652779269325,0.288966595801134,10228.7619237045,10417.0106067437,1.24424905672708e-05,3.65314231489871e-05,77233.3293214368,86905.4403407258,0.262324860665216,0.291294514405243,10210.7381136263,10435.0344168219
"16","I2742b","III",1,TRUE,"logistic",FALSE,FALSE,100,3.7848606128668e-06,47113.9421964166,0.0570193666883794,11721.2756266674,4.23987482870228e-06,9678.29511017167,0.00412954891405057,-3.18973348034845e-06,1.0759454706082e-05,31193.1467401842,63034.737652649,0.0502262587247662,0.0638124746519926,-4.52529405138967e-06,1.20950152771233e-05,28144.4837804801,66083.400612353,0.0489254508168403,0.0651132825599185,2.7827219669209e-05,78404.3155534414,0.284055938767558,11859.2910766663,2.59433808308171e-05,84310.6429301089,0.285484126178626,11848.2670493296,3.06689428110619e-06,2949.77494850157,0.00463423753617445,44.7305402805411,2.08983397383975e-05,3.09884219232368e-05,79458.2631398238,89163.022720394,0.277860805431619,0.293107446925633,11774.6853105682,11921.8487880911,1.9932268039849e-05,3.19544936217853e-05,78529.0840310458,90092.201829172,0.276401020607724,0.294567231749528,11760.5951903798,11935.9389082795
"17","NEG","III",1,TRUE,"gompertz.exp",FALSE,FALSE,100,NA,NA,NA,NA,NA,NA,NA,NA,NA,NA,NA,NA,NA,NA,NA,NA,NA,NA,NA,0,NA,0,0,NA,NA,NA,NA,NA,NA,NA,NA,NA,NA,NA,NA,NA,NA,NA,NA,NA,NA,NA,NA,NA,NA,NA,NA
"18","I2742","V",10,TRUE,"logistic",FALSE,FALSE,100,2.26351520337918e-05,56690.5790500094,0.390643753425663,76133.8081701678,1.34813606408504e-06,589.153382261184,0.00166444924605569,2.04174682083719e-05,2.48528358592117e-05,55721.4217361898,57659.7363638291,0.387905734415902,0.393381772435425,1.99928053481851e-05,2.52774987193985e-05,55535.8384207775,57845.3196792413,0.387381432903394,0.393906073947932,2.68556654103633e-05,59613.0876886945,0.441112216616534,76645.9122490505,3.19612498204784e-05,63375.5799322119,0.446737531458401,76412.0792200932,1.02707757442512e-05,22926.8386445957,0.00513859714760267,371.373472349085,1.50658237211852e-05,4.88566759197716e-05,25660.930361852,101090.229502572,0.438284539150595,0.455190523766207,75801.169858079,77022.9885821075,1.18305293617461e-05,5.20919702792107e-05,18438.9761888043,108312.18367562,0.4366658810491,0.456809181867702,75684.187214289,77139.9712258974
"19","I2742","V",10,TRUE,"logistic",FALSE,FALSE,100,2.16602614392044e-05,55109.0489862523,0.29914647502297,59290.3908389609,3.69453211179433e-06,1351.17244532582,0.00321143398652924,1.55827561153028e-05,2.77377667631061e-05,52886.3703136914,57331.7276588133,0.293863666115129,0.30442928393081,1.44189785000875e-05,2.89015443783213e-05,52460.7509934137,57757.346979091,0.292852064409372,0.305440885636567,2.36720812027653e-05,57693.8140393055,0.40413398109682,59780.3575782338,2.58901500847225e-05,80066.699264774,0.406950188590349,59669.7036872001,2.46922996939772e-06,43645.5256787642,0.00679756220916814,310.583271216445,2.18282667850633e-05,2.99520333843817e-05,8269.8095232069,151863.589006341,0.395768198756267,0.41813217842443,59158.794206049,60180.6131683511,2.1050459344703e-05,3.0729840824742e-05,-5478.53106560382,165611.929595152,0.393626966660379,0.420273410520318,59060.9604756159,60278.4468987843
"20","I2742","V",10,TRUE,"logistic",FALSE,FALSE,100,2.05211841662781e-05,55163.1659710717,0.297237414167285,58795.8252305918,4.03408171017768e-06,1632.97636198615,0.00377574418508692,1.38851197530358e-05,2.71572485795204e-05,52476.9198556045,57849.4120865389,0.291026314982817,0.303448513351753,1.26143840143299e-05,2.84279843182264e-05,51962.5323015789,58363.7996405646,0.289836955564515,0.304637872770056,2.70329949809288e-05,59661.0227250768,0.401520489693453,59645.1184017755,4.56552661411073e-05,183349.633332167,0.404845082660784,59562.9984303043,2.65228606437972e-05,90746.7119114314,0.00407342163745222,304.974217007026,2.02516038206093e-06,8.92853719001536e-05,34071.2922378621,332627.974426471,0.398144304067175,0.411545861254393,59061.3158433278,60064.6810172809,-6.32954072073517e-06,9.76400730029497e-05,5486.07798576122,361213.188678572,0.396861176251378,0.412828989070191,58965.2489649705,60160.7478956381
"21","I2742b","V",10,TRUE,"logistic",FALSE,FALSE,100,1.9108815308754e-05,57742.6844298413,0.297670715790037,57950.9376900252,2.80682287022625e-06,1311.91938115798,0.00296219063631932,1.44915916872318e-05,2.37260389302762e-05,55584.5770478365,59900.7918118462,0.292797912193291,0.302543519386782,1.36074424831106e-05,2.46101881343975e-05,55171.3224427717,60314.046416911,0.291864822142851,0.303476609437223,5.2223518947384e-05,196909.027107748,0.399838185782225,58745.41162511,3.49192747947474e-05,138304.598849091,0.397016567025803,58589.3146615494,1.47468054531684e-05,66700.643765379,0.00493900691147485,415.343413463503,1.06607798242853e-05,5.91777697652094e-05,28582.0398550427,248027.15784314,0.388891900656427,0.405141233395179,57906.074746402,59272.5545766969,6.0155361065373e-06,6.38230134829575e-05,7571.33706894834,269037.860629234,0.387336113479312,0.406697020572294,57775.241571161,59403.3877519379
"22","NEG","V",10,TRUE,"gompertz.exp",FALSE,FALSE,100,NA,NA,NA,NA,NA,NA,NA,NA,NA,NA,NA,NA,NA,NA,NA,NA,NA,NA,NA,0,NA,0,0,NA,NA,NA,NA,NA,NA,NA,NA,NA,NA,NA,NA,NA,NA,NA,NA,NA,NA,NA,NA,NA,NA,NA,NA
"23","I2742","III",3,TRUE,"logistic",FALSE,FALSE,100,5.05173453066538e-06,40736.0739323587,0.0620776510619501,13243.1972686161,7.4084119765347e-06,10341.3678086407,0.00518290393390917,-7.13510317073419e-06,1.7238572232065e-05,23724.5238871448,57747.6239775726,0.0535517740906695,0.0706035280332306,-9.46875294334262e-06,1.95722220046734e-05,20466.993027423,61005.1548372945,0.0519191593514881,0.072236142772412,2.83056319051422e-05,66028.4038697242,0.322883456162644,13514.233751491,3.32962816490203e-05,104912.813992544,0.320871037709947,13491.0011782265,8.17648292550831e-06,34508.6339859228,0.00736600213611955,205.743759150547,1.98459672365592e-05,4.67465960614815e-05,48146.1110857008,161679.516899387,0.30875396419603,0.332988111223863,13152.5526944239,13829.4496620292,1.7270375115024e-05,4.93221881830166e-05,37275.8913801351,172549.736604952,0.306433673523152,0.335308401896741,13087.7434102915,13894.2589461616
"24","I2742","III",3,TRUE,"logistic",FALSE,FALSE,100,5.44139496717728e-06,42540.3524927873,0.0726013979798707,15319.0048820649,5.51156920086936e-06,7753.43684444094,0.0043970389118381,-3.62513636825282e-06,1.45079263026074e-05,29785.9488836819,55294.7561018926,0.065368268969897,0.0798345269898444,-5.36128066652667e-06,1.62440706008812e-05,27343.616277683,57737.0887078915,0.063983201712668,0.0812195942470734,2.53273839617223e-05,66713.0570984648,0.310798019545036,15650.2610424647,2.64962887800635e-05,83447.8844642241,0.310996644550665,15633.76548049,4.24251102494722e-06,26154.4902156149,0.00597195440595312,168.974309050143,1.95173581440253e-05,3.34752194161017e-05,40423.7480595375,126472.020868911,0.301172779552872,0.320820509548457,15355.8027421025,15911.7282188775,1.8180967171167e-05,3.48116103889601e-05,32185.0836416188,134710.685286829,0.299291613914996,0.322701675186333,15302.5758347518,15964.9551262283
"25","I2742","III",3,TRUE,"logistic",FALSE,FALSE,100,5.03669952151047e-06,42365.1978008787,0.075270237725249,15835.028037432,4.75686988489815e-06,8095.01306722739,0.00452045182186906,-2.788351439147e-06,1.28617504821679e-05,29048.9013052897,55681.4942964678,0.0678340944782744,0.0827063809722236,-4.28676545288991e-06,1.43601644959108e-05,26498.9721891131,58231.4234126444,0.0664101521543857,0.0841303232961124,1.64172825767402e-05,63963.4171877156,0.292084126449386,16274.4488591653,1.87227442424591e-05,94241.0402772365,0.294304679587918,16286.7667201197,3.95574942076226e-06,26743.2187073493,0.00384891877633674,206.523674238698,1.22155364453052e-05,2.5229952039613e-05,50248.4455036469,138233.635050826,0.287973208200844,0.300636150974991,15947.0352759971,16626.4981642424,1.09694753777651e-05,2.64760131071532e-05,41824.3316108318,146657.748943641,0.286760798786298,0.301848560389538,15881.9803186119,16691.5531216276
"26","I2742b","III",3,TRUE,"logistic",FALSE,FALSE,100,5.99452128431842e-06,48950.6524194208,0.0792480728607558,16218.3034694777,6.07303119291636e-06,7683.37112837083,0.00485486121884724,-3.995615028029e-06,1.59846575966658e-05,36311.5069132508,61589.7979255908,0.0712618261557521,0.0872343195657595,-5.90861985379765e-06,1.78976624224345e-05,33891.245007814,64010.0598310276,0.0697325448718153,0.0887636008496964,1.4674341172787e-05,65862.0547670935,0.290531069491075,16491.0439925625,1.77195490603198e-05,99274.3751806188,0.29618087279263,16494.3570686026,3.29273293709697e-06,39782.434833799,0.00446967691740672,208.432481692061,1.23030033787952e-05,2.31360947418443e-05,33832.2698790195,164716.480482218,0.288828254263496,0.303533491321764,16151.4856362192,16837.2285009861,1.12657925036097e-05,2.41733056170298e-05,21300.8029063728,177247.947454865,0.287420306034513,0.304941439550747,16085.8294044862,16902.8847327191
"27","NEG","III",3,TRUE,"gompertz.exp",FALSE,FALSE,100,NA,NA,NA,NA,NA,NA,NA,NA,NA,NA,NA,NA,NA,NA,NA,NA,NA,NA,NA,0,NA,0,0,NA,NA,NA,NA,NA,NA,NA,NA,NA,NA,NA,NA,NA,NA,NA,NA,NA,NA,NA,NA,NA,NA,NA,NA
"28","I2742","V",50,TRUE,"richards",FALSE,FALSE,100,2.77153529285788e-05,71270.7118061971,0.370531927481329,68855.6292672914,4.84584893853848e-06,1924.39143273716,0.00177486995227691,1.9743931424683e-05,3.56867744324746e-05,68105.0878993444,74436.3357130497,0.367612266409833,0.373451588552824,1.82174890090434e-05,3.72132168481142e-05,67498.9045980322,75042.5190143619,0.367053182374866,0.374010672587791,2.27417407707785e-05,69054.1544887162,0.435636218530274,68877.873116755,2.33383875192166e-05,71391.4483083539,0.43768978242584,68657.1215600035,1.25703433241732e-06,7668.98780590967,0.0031177674042451,358.167123972648,2.12705660423901e-05,2.54062089960431e-05,58775.9633676325,84006.9332490753,0.432561055045857,0.442818509805823,68067.9366410685,69246.3064789385,2.08746002276786e-05,2.58021748107545e-05,56360.2322087709,86422.6644079368,0.431578958313519,0.44380060653816,67955.1139970171,69359.1291229899
"29","I2742","V",50,TRUE,"logistic",FALSE,FALSE,100,1.97569852712945e-05,66531.413864784,0.48881655084951,88627.7724122793,1.10823514799116e-06,793.891343926579,0.00248788602221291,1.7933938452849e-05,2.15800320897399e-05,65225.4626040248,67837.3651255432,0.48472397834297,0.49290912335605,1.75848443812318e-05,2.19291261613571e-05,64975.3868306879,68087.4408988801,0.483940294245973,0.493692807453048,2.58097427928811e-05,70048.9242000133,0.535049924722264,89059.3528438272,2.71283463683346e-05,71439.366305259,0.536369715636612,88767.6632962545,2.16686286109273e-06,8662.43885915486,0.00200098400769959,551.735277739761,2.35638569618371e-05,3.06928357748322e-05,57189.6543819493,85689.0782285687,0.533078096943946,0.539661334329277,87860.0587643726,89675.2678281364,2.28812951605929e-05,3.13753975760764e-05,54460.9861413155,88417.7464692025,0.53244778698152,0.540291644291703,87686.2621518845,89849.0644406244
"30","I2742","V",50,TRUE,"richards",FALSE,FALSE,100,4.17924291352913e-05,74170.6507566104,0.449552312513089,83114.8035084076,2.43973058758838e-05,5718.87685229026,0.0024166335153804,1.65886096946239e-06,8.19259973011202e-05,64763.0983345929,83578.2031786279,0.445576950380288,0.45352767464589,-6.02629038144102e-06,8.96111486520236e-05,62961.6521261215,85379.6493870993,0.444815710822943,0.454288914203234,3.29858534138685e-05,71726.2633016685,0.507270965345477,83187.7009029715,3.67746556365707e-05,78245.7131432329,0.510584693612252,82929.9459121692,4.32955846555895e-06,30081.5852642282,0.00468129126384377,416.116778656567,2.96525319607263e-05,4.38967793124152e-05,28761.5053835776,127729.920902888,0.502883969483229,0.518285417741275,82245.4338112791,83614.4580130592,2.82887210440752e-05,4.52605902290663e-05,19285.8060253458,137205.62026112,0.501409362735118,0.519760024489386,82114.3570260023,83745.5347983361
"31","I2742b","V",50,TRUE,"logistic",FALSE,FALSE,100,1.72292105117606e-05,84130.6215422444,0.445891355199607,72743.8291418539,9.76777099769125e-07,838.517181611661,0.00249826658950936,1.56224121826404e-05,1.88360088408808e-05,82751.2607784932,85509.9823059956,0.441781706659864,0.45000100373935,1.53147273962131e-05,1.91436936273081e-05,82487.1278662855,85774.1152182032,0.440994752684168,0.450787957715045,2.6056827802506e-05,88932.3326103693,0.492922213180603,72984.3489462733,2.53117387132943e-05,93058.1157217544,0.495349732215687,72713.1336437333,2.20562290997731e-06,25132.2233267639,0.00228463059173273,492.132091225526,2.16834890263816e-05,2.8939988400207e-05,51715.6083492278,134400.623094281,0.491591514892287,0.499107949539087,71903.5763536673,73522.6909337993,2.09887178097388e-05,2.96347596168498e-05,43798.9580012972,142317.273442212,0.490871856255891,0.499827608175483,71748.5547449312,73677.7125425353
"32","NEG","V",50,TRUE,"gompertz.exp",FALSE,FALSE,100,NA,NA,NA,NA,NA,NA,NA,NA,NA,NA,NA,NA,NA,NA,NA,NA,NA,NA,NA,0,NA,0,0,NA,NA,NA,NA,NA,NA,NA,NA,NA,NA,NA,NA,NA,NA,NA,NA,NA,NA,NA,NA,NA,NA,NA,NA
"33","I2742","III",5,TRUE,"logistic",FALSE,FALSE,100,7.71594625933826e-06,43855.8144010817,0.0763174909621757,16134.4142142708,1.08667210821999e-05,7996.55815597037,0.00548912536173808,-1.01598099208806e-05,2.55917024395571e-05,30701.4762345105,57010.152567653,0.0672878797421166,0.0853471021822348,-1.35828270617735e-05,2.90147195804501e-05,28182.5604153798,59529.0683867836,0.0655588052531691,0.0870761766711823,2.50666167379548e-05,63680.0823103085,0.386807292689971,16302.0138923871,2.49666109047867e-05,73474.4625342863,0.38187723765907,16318.8873482584,2.41582893109977e-06,2655.79033893603,0.00985620152246203,152.731690614642,2.09925723131276e-05,2.89406494964458e-05,69105.6874267365,77843.237641836,0.36566378615462,0.39809068916352,16067.6437171973,16570.1309793194,2.02315861998311e-05,2.97016356097422e-05,68269.1134699716,78679.8115986009,0.362559082675044,0.401195392643095,16019.5332346537,16618.2414618631
"34","I2742","III",5,TRUE,"logistic",FALSE,FALSE,100,5.60695060432716e-06,42644.6965111871,0.062102449995267,13167.6078674797,6.74316355901484e-06,7645.32952680217,0.00403985866761387,-5.48555345025225e-06,1.66994546589066e-05,30068.1294395975,55221.2635827766,0.0554568824870422,0.0687480175034918,-7.60964997134193e-06,1.88235511799962e-05,27659.8506386548,57629.5423837193,0.0541843270067438,0.0700205729837902,2.03966367120915e-05,61886.386068167,0.271799910415922,13499.5329080064,1.80175149733194e-05,81571.2636819197,0.270295288508163,13490.947514512,4.90866899884481e-06,42297.6184994543,0.00488711457215946,97.0251257239232,9.94275447021967e-06,2.60922754764191e-05,11991.6812503174,151150.846113522,0.262255985036961,0.278334591979365,13331.3411826962,13650.5538463279,8.39652373558356e-06,2.76385062110552e-05,-1332.06857701074,164474.59594085,0.26071654394673,0.279874033069596,13300.7782680931,13681.1167609309
"35","I2742","III",5,TRUE,"logistic",FALSE,FALSE,100,9.57752287583845e-06,50597.8288490428,0.120384867030065,24477.8936471041,4.13127824945202e-06,3110.74557890402,0.00306806262786367,2.78157015548987e-06,1.6373475596187e-05,45480.6523717457,55715.0053263399,0.115337904007229,0.125431830052901,1.48021750691248e-06,1.76748282447644e-05,44500.7675143909,56694.8901836947,0.114371464279452,0.126398269780678,1.21609306810427e-05,60343.6007502747,0.291043214177746,24626.6929702652,1.62879917086401e-05,158984.137498675,0.291494072425687,24605.3369603668,3.92793292559707e-06,85833.6265949902,0.00710761543544503,170.493596399483,9.82654204603288e-06,2.27494413712472e-05,17787.8217499165,300180.453247434,0.27980204503438,0.303186099816994,24324.8749942897,24885.798926444,8.58924317446981e-06,2.39867402428103e-05,-9249.77062750544,327218.045624856,0.277563146172214,0.305424998679159,24271.1695114238,24939.5044093098
"36","I2742b","III",5,TRUE,"logistic",FALSE,FALSE,100,1.08692022322777e-05,56986.0038305816,0.175317701733215,34215.3812635896,2.4544811193309e-06,2088.18947942059,0.00272906573279555,6.83158079097833e-06,1.4906823673577e-05,53550.9321369347,60421.0755242285,0.170828388602766,0.179807014863663,6.0584192383891e-06,1.56799852261662e-05,52893.1524509172,61078.8552102459,0.169968732896935,0.180666670569494,1.18275322779257e-05,64376.1946481376,0.277473227984329,34315.5517033498,1.57670087057352e-05,81991.7118363035,0.279295914322038,34209.4927620496,3.94241191815775e-06,21563.2751870843,0.00617336412402348,219.853269649737,9.28174110036567e-06,2.22522763111047e-05,46520.1241535498,117463.299519057,0.269140730338019,0.289451098306056,33847.8341334758,34571.1513906235,8.03988134614598e-06,2.34941360653244e-05,39727.6924696183,124255.731202989,0.267196120638952,0.291395708005124,33778.5803535362,34640.4051705631
"37","NEG","III",5,TRUE,"gompertz.exp",FALSE,FALSE,100,NA,NA,NA,NA,NA,NA,NA,NA,NA,NA,NA,NA,NA,NA,NA,NA,NA,NA,NA,0,NA,0,0,NA,NA,NA,NA,NA,NA,NA,NA,NA,NA,NA,NA,NA,NA,NA,NA,NA,NA,NA,NA,NA,NA,NA,NA
"38","I2742","V",100,TRUE,"richards",FALSE,FALSE,100,2.32367600545929e-05,113268.151749806,0.332563966548006,47691.9262757196,6.87428221839293e-06,3474.03157311919,0.00327538271758044,1.19285658053366e-05,3.45449543038493e-05,107553.369812025,118982.933687587,0.327175961977586,0.337951971118426,9.76316690654278e-06,3.67103532026431e-05,106459.049866492,120077.253633119,0.326144216421548,0.338983716674464,1.91665039947449e-05,111012.57175351,0.392232755303899,47674.6287595497,2.76985425145391e-05,131480.613269597,0.392813308976301,47514.8157840917,1.53590387123198e-05,48099.1736172599,0.00105695163573974,307.518218792106,2.43292383277305e-06,5.29641611963051e-05,52357.4726692048,210603.75386999,0.39107462353551,0.394551994417093,47008.9483141787,48020.6832540047,-2.40517336160768e-06,5.78022583906858e-05,37206.2329797679,225754.993559427,0.390741683770252,0.394884934182351,46912.0800752592,48117.5514929242
"39","I2742","V",100,TRUE,"richards",FALSE,FALSE,100,2.06814493579822e-05,111625.142320223,0.382994378766001,54356.4124614056,1.68665627535384e-06,1117.01454703604,0.00188435890266631,1.79068997850252e-05,2.34559989309393e-05,109787.653390349,113462.631250098,0.379894608371114,0.386094149160887,1.73756030582887e-05,2.39872956576758e-05,109435.793808033,113814.490832414,0.379301035316775,0.386687722215227,1.96912972527135e-05,110884.091852378,0.421788779298722,54245.9424999961,2.45079197847697e-05,111879.772647492,0.425487365166692,54085.0149212178,4.30053641004677e-06,16184.2321842103,0.00316332571696629,380.574411104458,1.74335373902428e-05,3.15823021792966e-05,85256.7107044657,138502.834590518,0.420283694362283,0.430691035971102,53458.970014951,54711.0598274847,1.6078868421078e-05,3.29369711484614e-05,80158.6775664395,143600.867728544,0.419287246761439,0.431687483571946,53339.0890754531,54830.9407669826
"40","I2742","V",100,TRUE,"richards",FALSE,FALSE,100,1.79517675108663e-05,124034.949164112,0.299686035973382,39610.2825851451,5.49341071054505e-06,4201.81967788923,0.00342934011596414,8.91510689201971e-06,2.69884281297129e-05,117122.955793984,130946.94253424,0.294044771482621,0.305327300464143,7.18468251819802e-06,2.87188525035346e-05,115799.382595449,132270.515732775,0.292964529346092,0.306407542600671,1.59829215833334e-05,122454.3317714,0.363805126374219,39573.9597973045,1.64691429909341e-05,130157.44131753,0.368062540742521,39447.8818080818,1.66037997281213e-06,23855.0146991431,0.00341689844503112,177.029002110171,1.37378179356581e-05,1.92004680462101e-05,90915.9421374395,169398.94049762,0.362441742800445,0.373683338684598,39156.6690996106,39739.094516553,1.32147982442223e-05,1.97234877376459e-05,83401.6125072094,176913.27012785,0.36136541979026,0.374759661694782,39100.9049639459,39794.8586522177
"41","I2742b","V",100,TRUE,"richards",FALSE,FALSE,100,3.50488565866941e-05,166208.886231439,0.487566446358403,44277.4587866867,9.25509704876087e-06,3036.56561827414,0.00521880903760468,1.98242219414825e-05,5.02734912319057e-05,161213.735789378,171204.0366735,0.478981505491544,0.496151387225263,1.69088663711228e-05,5.31888468022654e-05,160257.217619621,172160.554843256,0.477337580644698,0.497795312072108,5.63832891138434e-05,167963.52414372,0.580990616456473,44401.3834568735,5.70333666404347e-05,167823.296608561,0.580537884893211,44168.9763395431,1.73903233771042e-05,5194.57294354289,0.00479433006129176,316.515841456108,2.84262846850982e-05,8.56404485957711e-05,159278.224116433,176368.369100689,0.572651211942387,0.588424557844036,43648.3077803478,44689.6448987384,2.29483328213104e-05,9.1118400459559e-05,157641.933639217,178004.659577905,0.57114099797308,0.589934771813343,43548.6052902892,44789.3473887971
"42","NEG","V",100,TRUE,"gompertz.exp",FALSE,FALSE,100,NA,NA,NA,NA,NA,NA,NA,NA,NA,NA,NA,NA,NA,NA,NA,NA,NA,NA,NA,0,NA,0,0,NA,NA,NA,NA,NA,NA,NA,NA,NA,NA,NA,NA,NA,NA,NA,NA,NA,NA,NA,NA,NA,NA,NA,NA
"43","x","V",0,FALSE,"logistic",FALSE,FALSE,100,4.96846763520177e-08,-6131.0576645485,0.000717332827370667,184.445327178507,6.5163015524056e-08,12906.948690684,2.93613840524698e-05,-5.75084841850544e-08,1.5687783688909e-07,-27362.9882607237,15100.8729316267,0.000669033350604354,0.000765632304136979,-7.8034834075132e-08,1.77404186779167e-07,-31428.6770982891,19166.5617691921,0.000659784514627826,0.000774881140113507,6.15709307119693e-08,32243.8263609331,0.00102176454909601,184.686011766616,NA,NA,NA,NA,NA,NA,NA,NA,NA,NA,NA,NA,NA,NA,NA,NA,NA,NA,NA,NA,NA,NA,NA,NA
"44","I2742","III",7,TRUE,"logistic",FALSE,FALSE,100,1.22959052195668e-05,49452.5569962059,0.16789031199478,34238.4415645184,5.79132988440619e-06,3689.03599397141,0.00487305686449687,2.76916755971863e-06,2.1822642879415e-05,43384.0927861229,55521.0212062888,0.159874133452683,0.175906490536878,9.44898646130687e-07,2.36469117930029e-05,42222.0464480219,56683.0675443898,0.158339120540367,0.177441503449194,2.1237358974664e-05,70919.7737687929,0.381595156844898,34533.4336937651,2.22006131077207e-05,76132.0034856578,0.379602167047818,34459.9214027658,5.74502529850176e-06,9550.8964891282,0.00786762726392812,153.173025591905,1.27500464916853e-05,3.16511797237561e-05,60420.7787610419,91843.2282102737,0.366659920198656,0.39254441389698,34207.9517756671,34711.8910298645,1.09403635226572e-05,3.34608626927841e-05,57412.2463669665,94851.7606043491,0.364181617610519,0.395022716485117,34159.7022726057,34760.140532926
"45","I2742","III",7,TRUE,"logistic",FALSE,FALSE,100,1.1231039644781e-05,51393.3143261776,0.16850197976924,33922.4910817316,4.47807802279771e-06,3430.59020930976,0.00438247238077759,3.86460129727878e-06,1.85974779922833e-05,45749.993431863,57036.6352204921,0.161292812702861,0.175711146835619,2.4540067200975e-06,2.00080725694645e-05,44669.3575159305,58117.2711364247,0.159912333902916,0.177091625635564,1.84709635616359e-05,78583.5810752993,0.354482849817362,34345.3773715127,5.11708246117886e-05,147201.403400818,0.359576655973594,34269.5391912863,4.64250027585899e-05,81789.5352231183,0.00779200631050371,172.119412491913,-2.51983049260918e-05,0.000127539954149669,12657.6179587885,281745.188842848,0.346758805592815,0.372394506354373,33986.4027577372,34552.6756248355,-3.98221807950477e-05,0.000142163830018625,-13106.0856364937,307508.89243813,0.344304323605007,0.374848988342181,33932.1851428022,34606.8932397705
"46","I2742","III",7,TRUE,"logistic",FALSE,FALSE,100,7.456245126213e-06,47646.7337132701,0.0923946095050585,19067.5308440364,5.61009021643857e-06,5349.49875273701,0.00404497062956285,-1.77235327982844e-06,1.66848435322544e-05,38846.8082650177,56446.6591615225,0.0857406328194276,0.0990485861906894,-3.53953169800659e-06,1.84520219504326e-05,37161.7161579056,58131.7512686347,0.0844664670711153,0.100322751939002,1.90579408036721e-05,175609.9559063,0.261542483272487,19542.5890681471,2.50114295484973e-05,141762.213681972,0.261472622732924,19554.5164020721,9.7605801547336e-06,38715.3387746167,0.00439752178433235,216.776176399765,8.95527519396052e-06,4.10675839030341e-05,78075.4813977274,205448.945966216,0.254238699397697,0.268706546068151,19197.9195918945,19911.1132122497,5.88069244521943e-06,4.41421666517751e-05,65880.1496837231,217644.27768022,0.252853480035633,0.270091765430215,19129.6350963286,19979.3977078156
"47","I2742b","III",7,TRUE,"logistic",FALSE,FALSE,100,1.17016779505785e-05,59594.9610258556,0.216373571289519,41407.9449643136,1.37360087207916e-06,1243.68699747062,0.00190473492535737,9.44210451600828e-06,1.39612513851487e-05,57549.0959150165,61640.8261366948,0.213240282337306,0.219506860241732,9.00942024130335e-06,1.43939356598536e-05,57157.3345108132,62032.587540898,0.212640290835819,0.22010685174322,2.07114803557462e-05,75954.2869347332,0.318810698249503,41659.7809018552,2.16691242170057e-05,83979.912464537,0.321347143300461,41476.3595653519,3.45354500301971e-06,19219.2584537822,0.00880246404305079,399.666688896973,1.59880426870383e-05,2.73502057469731e-05,52364.2323080653,115595.592621009,0.306867089949642,0.335827196651279,40818.9078621164,42133.8112685874,1.49001760110871e-05,2.84380724229243e-05,46310.1658951239,121649.65903395,0.304094313776081,0.33859997282484,40693.0128551138,42259.7062755899
"48","NEG","III",7,TRUE,"gompertz.exp",FALSE,FALSE,100,NA,NA,NA,NA,NA,NA,NA,NA,NA,NA,NA,NA,NA,NA,NA,NA,NA,NA,NA,0,NA,0,0,NA,NA,NA,NA,NA,NA,NA,NA,NA,NA,NA,NA,NA,NA,NA,NA,NA,NA,NA,NA,NA,NA,NA,NA
"49","I2742","V",150,TRUE,"richards",FALSE,FALSE,100,9.35339149319416e-06,180412.971286996,0.326384729165777,20776.3561828246,1.51769688195307e-07,371.818642617666,0.00115078774728624,9.10373035611288e-06,9.60305263027544e-06,179801.32961989,181024.612954102,0.324491683321491,0.328277775010063,9.05592290433136e-06,9.65086008205697e-06,179684.206747466,181141.735826527,0.324129185181096,0.328640273150458,1.19536972280215e-05,183893.123455888,0.338514688351801,20771.0105149534,1.34376009192207e-05,197513.135623822,0.340002011036481,20596.0426681286,5.12385695829963e-06,15192.8916669024,0.00227282600287558,373.775113397821,5.00885622281784e-06,2.18663456156236e-05,172520.828831767,222505.442415876,0.33626321226175,0.343740809811211,19981.1826065892,21210.902729668,3.39484128095345e-06,2.3480360557488e-05,167735.067956693,227291.203290951,0.335547272070845,0.344456750002117,19863.4434458689,21328.6418903883
"50","I2742","V",150,TRUE,"richards",FALSE,FALSE,100,8.57679696593189e-06,174817.186517018,0.312536506901126,21371.9810440401,1.31144609440803e-07,364.27820069802,0.00102415438387936,8.36106408340176e-06,8.79252984846201e-06,174217.94887687,175416.424157166,0.310851772939645,0.314221240862608,8.31975353142791e-06,8.83384040043586e-06,174103.20124365,175531.171790386,0.310529164308723,0.31454384949353,1.34986889116757e-05,236552.162334619,0.32267489347481,21343.9876097366,1.6798145009215e-05,236649.990893164,0.32285538305941,21200.1993225233,4.65441883840004e-06,32009.3617776246,0.000654015763784092,281.287008654708,9.14162602004694e-06,2.44546639983831e-05,183994.590768971,289305.391017356,0.321779527127985,0.323931238990835,20737.4821932863,21662.9164517602,7.67548408595093e-06,2.59208059324791e-05,173911.641809019,299388.339977308,0.321573512162393,0.324137253956427,20648.87678556,21751.5218594865
"51","I2742","V",150,TRUE,"richards",FALSE,FALSE,100,1.01888808319379e-05,199946.992830291,0.375042285800318,16338.2201647269,2.49810038140338e-07,583.373076186931,0.00321812209262825,9.777943319197e-06,1.05998183446787e-05,198987.344119964,200906.641540619,0.369748474957945,0.380336096642692,9.69925315718279e-06,1.06785085066929e-05,198803.581600965,201090.404059617,0.368734766498767,0.381349805101869,2.89898855852178e-05,212689.262257056,0.397058155122055,17368.1917695379,3.84073133351539e-05,234782.335268153,0.399065896404384,17103.9184868049,1.86239908162108e-05,21400.3546807356,0.00488108891957271,398.302330863839,7.7708484424871e-06,6.90437782278207e-05,199578.751818343,269985.918717963,0.391036505131686,0.407095287677081,16448.7111525339,17759.1258210759,1.90429133538069e-06,7.49103353349271e-05,192837.640093911,276727.030442395,0.389498962122021,0.408632830686746,16323.2459183118,17884.591055298
"52","I2742b","V",150,TRUE,"gompertz",FALSE,FALSE,100,0.000106154424281343,310743.151450864,23.8437012374381,2234.92148029275,3.0921518435663e-05,8780.68902456489,8.37050954277342,5.52885264546769e-05,0.000157020322108008,296298.918005455,325187.384896273,10.0742130395758,37.6131894353004,4.5548248147443e-05,0.000166760600415242,293533.000962717,327953.301939011,7.43750253360218,40.249899941274,1.15554416902594e-05,246062.483833587,0.163515464448061,2301.67039093982,1.23349352767504e-05,258895.150375005,0.159685085408065,2243.02769935846,1.71627040945408e-06,1924.8741098842,0.0083795752947364,108.264178464911,9.51167045319844e-06,1.51582001003024e-05,255728.732464246,262061.568285765,0.145900684048224,0.173469486767907,2064.93312578368,2421.12227293324,8.9710452742204e-06,1.56988252792804e-05,255122.397119632,262667.903630378,0.143261117830382,0.176109052985748,2030.82990956723,2455.22548914968
"53","NEG","V",150,TRUE,"gompertz.exp",FALSE,FALSE,100,NA,NA,NA,NA,NA,NA,NA,NA,NA,NA,NA,NA,NA,NA,NA,NA,NA,NA,NA,0,NA,0,0,NA,NA,NA,NA,NA,NA,NA,NA,NA,NA,NA,NA,NA,NA,NA,NA,NA,NA,NA,NA,NA,NA,NA,NA
"54","x","V",0,FALSE,"gompertz.exp",FALSE,FALSE,100,NA,NA,NA,NA,NA,NA,NA,NA,NA,NA,NA,NA,NA,NA,NA,NA,NA,NA,NA,0,NA,0,0,NA,NA,NA,NA,NA,NA,NA,NA,NA,NA,NA,NA,NA,NA,NA,NA,NA,NA,NA,NA,NA,NA,NA,NA
"55","x","V",0,FALSE,"gompertz.exp",FALSE,FALSE,100,NA,NA,NA,NA,NA,NA,NA,NA,NA,NA,NA,NA,NA,NA,NA,NA,NA,NA,NA,1.03712705899739e-07,34653.8860237277,0.00129710603124409,19.6394819111126,NA,NA,NA,NA,NA,NA,NA,NA,NA,NA,NA,NA,NA,NA,NA,NA,NA,NA,NA,NA,NA,NA,NA,NA
"56","I2742","III",10,TRUE,"richards",FALSE,FALSE,100,1.11819701703009e-05,63045.2697514441,0.126249039047957,24751.2820249207,2.30162201194268e-05,21522.4798978495,0.00323863431320265,-2.66797119261561e-05,4.9043652266758e-05,27640.7903194816,98449.7491834065,0.120921485602738,0.131576592493175,-3.39298212637755e-05,5.62937616043774e-05,20861.2091516591,105229.330351229,0.119901315794079,0.132596762301834,1.2748182802542e-05,81604.1695135803,0.251971490278284,24912.9680970432,1.37616051806782e-05,90840.5400612291,0.252372001940393,24877.5149883452,1.9327238295003e-06,5428.43618669182,0.00369242586658986,86.7203127260144,1.05822744811502e-05,1.69409358802062e-05,81910.762534121,99770.3175883371,0.246297961389852,0.258446042490933,24734.8600739109,25020.1699027795,9.97346647485765e-06,1.75497438864988e-05,80200.8051353131,101480.274987145,0.245134847241877,0.259609156638909,24707.5431754022,25047.4868012882
"57","I2742","III",10,TRUE,"gompertz",FALSE,FALSE,100,4.6586197432101e-06,47537.7734689127,0.282619653242765,50159.2503825936,2.00260909693627e-07,1382.48820065363,0.00208995861238574,4.32919054676408e-06,4.98804893965611e-06,45263.5803788374,49811.9665589879,0.27918167132539,0.286057635160139,4.26610836021059e-06,5.05113112620961e-06,44828.0965956316,50247.4503421938,0.278523334362489,0.286715972123041,1.45393754816073e-05,115200.427805255,0.305122453428963,50070.9427921491,1.68412497423855e-05,112204.700362346,0.306543287040028,49880.7669756862,3.34192687338802e-06,19116.8984774999,0.0012208374005584,312.144485459613,1.13437800356622e-05,2.23387194491088e-05,80757.4023668587,143651.998357833,0.30453500951611,0.308551564563947,49367.2892971052,50394.2446542673,1.0291073070545e-05,2.3391426414226e-05,74735.5793464462,149673.821378246,0.304150445734934,0.308936128345123,49268.9637841854,50492.5701671871
"58","I2742","III",10,TRUE,"logistic",FALSE,FALSE,100,8.62959580724802e-06,60926.0447395185,0.24283355474946,44976.8929647748,1.14821580714058e-06,2140.35674713326,0.00311576474939803,6.74078080450176e-06,1.05184108099943e-05,57405.1578904842,64446.9315885527,0.2377081217367,0.24795898776222,6.37909282525248e-06,1.08800987892436e-05,56730.9455151373,65121.1439638997,0.23672665584064,0.24894045365828,2.67865418957042e-05,96839.436955535,0.351667383637802,45194.5503286043,2.67825917721335e-05,100647.648452369,0.353717803536521,45075.2223733459,6.39062779081586e-06,5278.99640075443,0.00353630043528428,223.743722192309,1.62700090562414e-05,3.72951744880255e-05,91963.6993731282,109331.59753161,0.347900589320479,0.359535017752564,44707.1639503395,45443.2807963522,1.42569613021344e-05,3.93082222421325e-05,90300.8155068905,110994.481397848,0.346786654683364,0.360648952389679,44636.6846778489,45513.7600688428
"59","I2742b","III",10,TRUE,"gompertz",FALSE,FALSE,100,7.12111549756327e-06,63393.3641423494,0.353575085860475,59404.7028449641,3.33550005981307e-07,1242.67851872282,0.00256988031162058,6.57242573772402e-06,7.66980525740252e-06,61349.1579790503,65437.5703056484,0.34934763274786,0.357802538973091,6.4673574858399e-06,7.77487350928663e-06,60957.7142456526,65829.0140390461,0.348538120449699,0.358612051271252,1.98974530454219e-05,144641.105440151,0.40641758083022,59486.7722974519,3.89426967028056e-05,143385.772309309,0.415468064761937,59274.489734516,1.79330500725285e-05,21720.0739604972,0.00906411117408825,467.376320151783,9.44282933349623e-06,6.8442564072115e-05,107656.250644291,179115.293974327,0.400557601880562,0.430378527643312,58505.6556878664,60043.3237811657,3.79391856064976e-06,7.40914748449615e-05,100814.427346734,185957.117271883,0.397702406860724,0.43323372266315,58358.4321470186,60190.5473220135
"60","NEG","III",10,TRUE,"gompertz.exp",FALSE,FALSE,100,NA,NA,NA,NA,NA,NA,NA,NA,NA,NA,NA,NA,NA,NA,NA,NA,NA,NA,NA,0,NA,0,0,NA,NA,NA,NA,NA,NA,NA,NA,NA,NA,NA,NA,NA,NA,NA,NA,NA,NA,NA,NA,NA,NA,NA,NA
"61","NEG","V",200,TRUE,"gompertz.exp",FALSE,FALSE,100,NA,NA,NA,NA,NA,NA,NA,NA,NA,NA,NA,NA,NA,NA,NA,NA,NA,NA,NA,0,NA,0,0,NA,NA,NA,NA,NA,NA,NA,NA,NA,NA,NA,NA,NA,NA,NA,NA,NA,NA,NA,NA,NA,NA,NA,NA
"62","x","V",0,FALSE,"logistic",FALSE,FALSE,100,3.45757936138941e-08,-120829.994177192,0.00503594200023863,1266.97903603702,3.98931935266169e-09,16072.7328330817,2.15388755089429e-05,2.80133632787656e-08,4.11382239490226e-08,-147269.639687612,-94390.3486667728,0.00500051055002642,0.00507137345045084,2.67567276826772e-08,4.2394859545111e-08,-152332.550530032,-89327.437824352,0.0049937258042411,0.00507815819623616,2.44505875294174e-07,-9836.45954850948,0.00501095359099984,1266.84083484828,NA,NA,NA,NA,NA,NA,NA,NA,NA,NA,NA,NA,NA,NA,NA,NA,NA,NA,NA,NA,NA,NA,NA,NA
"63","I2742","III",14,TRUE,"richards",FALSE,FALSE,100,1.44320247477406e-06,83536.0320664078,0.106269989014477,16367.7861809275,9.93066434592344e-08,4020.73308769585,0.00076694640570145,1.27984304628362e-06,1.6065619032645e-06,76921.9261371482,90150.1379956675,0.105008362177098,0.107531615851855,1.24856145359396e-06,1.63784349595416e-06,75655.395214524,91416.6689182917,0.104766774059302,0.107773203969651,1.54173543796775e-06,89228.8700762462,0.119694607097935,16440.9990078894,1.89496393511792e-06,105459.338944915,0.120002978563226,16403.3700338942,2.36934721918398e-07,27216.2868483342,0.000530542140464737,56.1459357041929,1.50520631756215e-06,2.28472155267368e-06,60688.547079405,150230.130810425,0.119130236742161,0.12087572038429,16311.0099696608,16495.7300981276,1.43057188015786e-06,2.35935599007798e-06,52115.4167221798,158803.26116765,0.118963115967915,0.121042841158537,16293.3239999139,16513.4160678744
"64","I2742","III",14,TRUE,"richards",FALSE,FALSE,100,1.55068456738821e-06,90992.208395547,0.113562211610059,16519.5099293016,9.0218962713479e-08,3298.72308539407,0.000801311676017488,1.40227437372454e-06,1.69909476105188e-06,85565.8089200737,96418.6078710202,0.112244053903011,0.114880369317108,1.37385540046979e-06,1.72751373430663e-06,84526.7111481746,97457.7056429194,0.111991640725065,0.115132782495054,2.9629427148766e-06,153222.455764509,0.128068272155754,16569.7202201141,4.99146770149625e-06,180806.040612822,0.129212132417086,16517.1447348032,1.919999645926e-06,23641.8278922844,0.00153819004108283,101.364773296056,1.83306828394798e-06,8.14986711904452e-06,141915.233730014,219696.84749563,0.126681809799505,0.131742455034668,16350.3996827312,16683.8897868752,1.22826839548129e-06,8.75466700751121e-06,134468.057943945,227144.0232817,0.126197279936564,0.132226984897609,16318.4697791429,16715.8196904634
"65","I2742","III",14,TRUE,"logistic",FALSE,FALSE,100,1.27809756029541e-06,75365.7040527256,0.0846140061100726,12837.9673603201,5.1427199843668e-08,1496.90889707154,0.000648845118928903,1.19349981655258e-06,1.36269530403824e-06,72903.2889170429,77828.1191884083,0.0835466558894346,0.0856813563307106,1.17730024860182e-06,1.378894871989e-06,72431.7626144653,78299.6454909858,0.0833422696769719,0.0858857425431732,1.62679223651607e-06,78830.8024787972,0.093900877268016,13068.0957786399,5.30189415611279e-06,148163.174013027,0.0957116773515343,13023.9777420773,6.23637975035067e-06,88551.4456266114,0.00150636022784043,84.9739018126394,-4.95695053321407e-06,1.55607388454397e-05,2496.0459572511,293830.302068803,0.0932337147767368,0.0981896399263318,12884.1956735955,13163.7598105591,-6.92141015457453e-06,1.75251984668001e-05,-25397.6594151315,321724.007441185,0.092759211304967,0.0986641433981015,12857.4288945245,13190.5265896301
"66","I2742b","III",14,FALSE,"logistic",FALSE,FALSE,100,1.12418095932656e-07,-27557.4585876874,0.00392067770893293,1010.89492567219,7.54299608509422e-08,22043.0245984568,4.74220199260276e-05,-1.16641896671443e-08,2.36500381532455e-07,-63818.2340521488,8703.316876774,0.00384266848615462,0.00399868693171125,-3.54246273351911e-08,2.60260819200502e-07,-70761.7868006627,15646.8696252879,0.00382773054987792,0.00401362486798795,8.76526892702756e-08,-2011.85270704172,0.00503821071197048,1011.19976364415,NA,NA,NA,NA,NA,NA,NA,NA,NA,NA,NA,NA,NA,NA,NA,NA,NA,NA,NA,NA,NA,NA,NA,NA
"67","NEG","III",14,TRUE,"gompertz.exp",FALSE,FALSE,100,NA,NA,NA,NA,NA,NA,NA,NA,NA,NA,NA,NA,NA,NA,NA,NA,NA,NA,NA,0,NA,0,0,NA,NA,NA,NA,NA,NA,NA,NA,NA,NA,NA,NA,NA,NA,NA,NA,NA,NA,NA,NA,NA,NA,NA,NA
"68","I2742","V",250,FALSE,"gompertz.exp",FALSE,FALSE,100,NA,NA,NA,NA,NA,NA,NA,NA,NA,NA,NA,NA,NA,NA,NA,NA,NA,NA,NA,1.36874654116473e-08,146106.983462525,0.00216311251987355,348.883169833564,NA,NA,NA,NA,NA,NA,NA,NA,NA,NA,NA,NA,NA,NA,NA,NA,NA,NA,NA,NA,NA,NA,NA,NA
"69","I2742","V",250,FALSE,"gompertz.exp",FALSE,FALSE,100,NA,NA,NA,NA,NA,NA,NA,NA,NA,NA,NA,NA,NA,NA,NA,NA,NA,NA,NA,5.89012431994342e-09,-115165.446067265,0.00163497293102421,283.507087521244,NA,NA,NA,NA,NA,NA,NA,NA,NA,NA,NA,NA,NA,NA,NA,NA,NA,NA,NA,NA,NA,NA,NA,NA
"70","I2742","V",250,FALSE,"logistic",FALSE,FALSE,100,-8.75700634963123e-09,678968.304923411,0.00433182949937781,1023.73307085653,4.04776652335182e-09,196893.22065083,0.00021349876544288,-1.5415582280545e-08,-2.09843041871748e-09,355078.956952796,1002857.65289403,0.00398062403022427,0.00468303496853134,-1.66906287354008e-08,-8.23383963861652e-10,293057.592447784,1064879.01739904,0.00391337191910976,0.00475028707964585,6.51990827608597e-09,-315192.918471553,0.0042803778645992,1023.56422168904,NA,NA,NA,NA,NA,NA,NA,NA,NA,NA,NA,NA,NA,NA,NA,NA,NA,NA,NA,NA,NA,NA,NA,NA
"71","I2742b","V",250,FALSE,"gompertz.exp",FALSE,FALSE,100,NA,NA,NA,NA,NA,NA,NA,NA,NA,NA,NA,NA,NA,NA,NA,NA,NA,NA,NA,5.31557089754193e-09,-136922.546683878,0.00145955242658376,320.879853652714,NA,NA,NA,NA,NA,NA,NA,NA,NA,NA,NA,NA,NA,NA,NA,NA,NA,NA,NA,NA,NA,NA,NA,NA
"72","NEG","V",250,TRUE,"gompertz.exp",FALSE,FALSE,100,NA,NA,NA,NA,NA,NA,NA,NA,NA,NA,NA,NA,NA,NA,NA,NA,NA,NA,NA,0,NA,0,0,NA,NA,NA,NA,NA,NA,NA,NA,NA,NA,NA,NA,NA,NA,NA,NA,NA,NA,NA,NA,NA,NA,NA,NA
"73","x","V",0,FALSE,"logistic",FALSE,FALSE,100,1.7473734764132e-08,-145664.307255101,0.00303006839799284,758.53804830282,4.27713623352582e-09,40574.5919340146,3.03744200901526e-05,1.0437845659982e-08,2.45096238682819e-08,-212409.510986555,-78919.103523647,0.00298010247694453,0.00308003431904114,9.09054774642136e-09,2.58569217818426e-08,-225190.50744577,-66138.1070644324,0.00297053453461614,0.00308960226136953,1.38046291959631e-07,18754.2098574349,0.00301863252179894,758.351305259698,NA,NA,NA,NA,NA,NA,NA,NA,NA,NA,NA,NA,NA,NA,NA,NA,NA,NA,NA,NA,NA,NA,NA,NA
"74","I2742","III",20,FALSE,"logistic",FALSE,FALSE,100,7.14760936420139e-08,-49314.2528863211,0.00433349572644983,1111.13591471382,2.4135868179583e-08,19688.9878836926,3.27588773001863e-05,3.17725904865998e-08,1.11179596797428e-07,-81702.6379549955,-16925.8678176468,0.00427960737329102,0.00438738407960864,2.41697920100311e-08,1.18782395273997e-07,-87904.6691383586,-10723.8366342837,0.00426928832694146,0.00439770312595819,1.94330245572537e-08,-184380.245721242,0.00455682951174345,1111.18738577817,NA,NA,NA,NA,NA,NA,NA,NA,NA,NA,NA,NA,NA,NA,NA,NA,NA,NA,NA,NA,NA,NA,NA,NA
"75","I2742","III",20,FALSE,"gompertz.exp",FALSE,FALSE,100,NA,NA,NA,NA,NA,NA,NA,NA,NA,NA,NA,NA,NA,NA,NA,NA,NA,NA,NA,4.07705462413653e-08,-7896.97043019616,0.00710065505254643,1727.55148027541,NA,NA,NA,NA,NA,NA,NA,NA,NA,NA,NA,NA,NA,NA,NA,NA,NA,NA,NA,NA,NA,NA,NA,NA
"76","I2742","III",20,FALSE,"gompertz.exp",FALSE,FALSE,100,NA,NA,NA,NA,NA,NA,NA,NA,NA,NA,NA,NA,NA,NA,NA,NA,NA,NA,NA,1.17540699684587e-07,-27997.9893849579,0.00578671998005648,1312.3110283956,NA,NA,NA,NA,NA,NA,NA,NA,NA,NA,NA,NA,NA,NA,NA,NA,NA,NA,NA,NA,NA,NA,NA,NA
"77","I2742b","III",20,FALSE,"logistic",FALSE,FALSE,100,6.02597324832117e-08,-31499.1473415725,0.00396149956481241,982.93214235527,8.48884220192745e-09,6646.38093410732,3.46288469111608e-05,4.62955870610411e-08,7.42238779053824e-08,-42432.4439781791,-20565.850704966,0.00390453511164356,0.00401846401798127,4.36216017674339e-08,7.68978631989895e-08,-44526.0539724229,-18472.2407107222,0.00389362702486654,0.00402937210475829,7.63084789799573e-08,-24250.5932528525,0.00429508170623941,983.009571318668,NA,NA,NA,NA,NA,NA,NA,NA,NA,NA,NA,NA,NA,NA,NA,NA,NA,NA,NA,NA,NA,NA,NA,NA
"78","NEG","III",20,TRUE,"gompertz.exp",FALSE,FALSE,100,NA,NA,NA,NA,NA,NA,NA,NA,NA,NA,NA,NA,NA,NA,NA,NA,NA,NA,NA,0,NA,0,0,NA,NA,NA,NA,NA,NA,NA,NA,NA,NA,NA,NA,NA,NA,NA,NA,NA,NA,NA,NA,NA,NA,NA,NA
"79","I2742","V",300,FALSE,"gompertz",FALSE,FALSE,100,8.90567022369119e-08,-10497.8205180637,0.00245868713535625,620.415305186038,3.17502669087378e-08,6700.903893296,4.60417946727861e-05,3.68275131720383e-08,1.41285891301785e-07,-21520.8074225356,525.16638640818,0.00238294838311952,0.00253442588759298,2.68261790957859e-08,1.51287225378038e-07,-23631.5921489239,2635.95111279642,0.00236844521779759,0.00254892905291491,2.7676944111612e-08,-51539.5406703679,0.00282758822959535,620.292923423978,NA,NA,NA,NA,NA,NA,NA,NA,NA,NA,NA,NA,NA,NA,NA,NA,NA,NA,NA,NA,NA,NA,NA,NA
"80","I2742","V",300,FALSE,"logistic",FALSE,FALSE,100,1.12278796072596e-05,41863.1709174839,0.200771565201251,42043.3872973376,4.77040310982987e-06,4354.98811445867,0.00598456874363153,3.38056649158947e-06,1.90751927229298e-05,34699.2154691994,49027.1263657684,0.190926949617977,0.210616180784525,1.87788951199306e-06,2.05778697025262e-05,33327.3942131449,50398.9476218229,0.189041810463733,0.212501319938769,3.18069568641591e-05,183807.265222711,0.345210371550292,42291.0878189185,NA,NA,NA,NA,NA,NA,NA,NA,NA,NA,NA,NA,NA,NA,NA,NA,NA,NA,NA,NA,NA,NA,NA,NA
"81","I2742","V",300,FALSE,"logistic",FALSE,FALSE,100,6.48185841868325e-06,34556.0596315631,0.0790504758125314,17356.2421025677,6.9896986496762e-06,7547.1293908391,0.0047616644138243,-5.0161958600341e-06,1.79799126974006e-05,22141.0317836328,46971.0874794934,0.0712175378517904,0.0868834137732723,-7.2179509346821e-06,2.01816677720486e-05,19763.6860255185,49348.4332376077,0.0697176135614357,0.088383338063627,1.78754726793021e-05,51583.7578627737,0.301936393455734,17448.1673383811,NA,NA,NA,NA,NA,NA,NA,NA,NA,NA,NA,NA,NA,NA,NA,NA,NA,NA,NA,NA,NA,NA,NA,NA
"82","I2742b","V",300,FALSE,"logistic",FALSE,FALSE,100,8.34154900137742e-06,40982.2515658592,0.11811313601481,25057.9141264377,5.98948745035342e-06,5832.27829796185,0.00521775604317735,-1.51115785445396e-06,1.81942558572088e-05,31388.153765712,50576.3493660064,0.109529927323783,0.126696344705837,-3.39784640131529e-06,2.00809444040701e-05,29550.986101854,52413.5170298644,0.107886334170182,0.128339937859438,2.20399359853473e-05,170168.914661924,0.294091743692534,25189.9646163311,NA,NA,NA,NA,NA,NA,NA,NA,NA,NA,NA,NA,NA,NA,NA,NA,NA,NA,NA,NA,NA,NA,NA,NA
"83","NEG","V",300,FALSE,"gompertz.exp",FALSE,FALSE,100,NA,NA,NA,NA,NA,NA,NA,NA,NA,NA,NA,NA,NA,NA,NA,NA,NA,NA,NA,0,NA,0,0,NA,NA,NA,NA,NA,NA,NA,NA,NA,NA,NA,NA,NA,NA,NA,NA,NA,NA,NA,NA,NA,NA,NA,NA
"84","x","V",0,FALSE,"gompertz.exp",FALSE,FALSE,100,NA,NA,NA,NA,NA,NA,NA,NA,NA,NA,NA,NA,NA,NA,NA,NA,NA,NA,NA,7.09575460266547e-09,172260.929701796,0.0010100721935986,207.563032169411,NA,NA,NA,NA,NA,NA,NA,NA,NA,NA,NA,NA,NA,NA,NA,NA,NA,NA,NA,NA,NA,NA,NA,NA
"85","x","V",0,FALSE,"gompertz",FALSE,FALSE,100,5.21416100479428e-06,218720.672440321,0.00320016420265706,131.520045229864,1.22046789616143e-05,1907.2250089495,8.05970353882673e-05,-1.48625358870612e-05,2.52908578966498e-05,215583.287300599,221858.057580042,0.00306758207944336,0.00333274632587076,-1.87070097599697e-05,2.91353317695583e-05,214982.51142278,222458.833457862,0.00304219401329606,0.00335813439201806,6.97250616230826e-07,216646.551220691,0.00349803379276188,191.551676833045,NA,NA,NA,NA,NA,NA,NA,NA,NA,NA,NA,NA,NA,NA,NA,NA,NA,NA,NA,NA,NA,NA,NA,NA
